id,keywords
0,Guess writer can boy room
1,Conference mission audience idea foreign
2,Between training listen subject
3,Look record interview few
4,Loss cell three
5,Purpose character would in
6,Hit another likely character allow pay picture
7,Power crime situation since book art red
8,Kid he weight before control board
9,Painting child reflect up control instead company
10,View central leg PM low data
11,Peace account fear shoulder pick nation choose
12,Seem sign third in approach recent program
13,Ok majority region democratic entire analysis
14,About pressure cell skill quite wife
15,Tv law fund bill third some follow
16,Majority final when new clear these
17,Finish summer else page region start size
18,Decade firm section economic
19,Employee public figure ground much
20,Analysis call upon we lose water stand
21,Could nature interest wear community college probably church
22,Place myself his itself find add sing
23,Mrs never wrong couple site
24,Sign arm bar military able simple billion
25,Now from her gun subject PM
26,Understand consumer by full parent analysis
27,Someone treatment over some collection
28,Move system certain hotel
29,Item bit leave left college listen
30,Truth ten seven both happy central group line
31,Cultural whatever computer
32,Story century attention attention hotel well news enter
33,Father growth behind probably
34,Only cup almost identify
35,Research blood list girl sister their rate
36,Nice really listen meeting
37,Condition natural can effort bad measure star
38,Eat lose various agency rich accept if
39,Involve education little direction exist
40,Once machine western month itself history the bring
41,Seven those budget involve
42,Evening his gas health sort couple station my
43,Need claim many against television former general
44,Understand relate church serve can street
45,Model similar sometimes talk remember
46,So suggest artist cold measure defense mouth
47,Camera beat activity stay
48,Unit people research fund catch without prevent ever
49,Tree especially position learn senior today mention next
50,Language provide parent information call prevent visit skin
51,Stuff section lot rather
52,Always hand game magazine series think
53,Specific show pressure
54,Raise suggest six claim analysis school
55,Strategy receive rate oil
56,Sense scientist bank result
57,Social say about century debate
58,Industry certainly Mrs
59,Wear prove lead professional kind wait
60,Prepare scene house central baby picture
61,Could own glass one then investment scientist
62,Cause trouble movie view
63,Seek of radio positive better
64,Black because song capital administration sound teach hit
65,Hotel result instead push fast
66,Everything buy protect front why
67,Fund front suggest drug
68,Truth house try thus should wide
69,Like hard industry trial position
70,Also keep kid assume dinner former
71,Person choose start
72,Couple break provide drug son show
73,Newspaper allow forward hour whom inside
74,Turn another wonder reveal
75,Account question dinner write usually team
76,Hour movement time benefit thus
77,Certainly value create agree
78,Off anything pick none
79,Ball ground candidate life have
80,Natural produce team operation point loss mean production
81,Adult range true even matter
82,Keep body lay work no
83,Say heart information part full your yeah
84,Manage each the arrive former within night want
85,Personal task same yourself front season suddenly really
86,Life ahead teach speak lay
87,Southern feel fear choose
88,Compare of Mrs
89,Something camera himself
90,Prepare blue tend house staff
91,Ago five information cut message green
92,Less physical media artist
93,Should five particular machine exist improve
94,Order attention both hour factor blue walk
95,Woman travel not identify score
96,Add pattern player personal which reflect
97,Particular network pull organization
98,Number easy hotel news film building finish
99,Environment land trouble staff follow baby job
100,Air run win change resource
101,Music item land commercial guess push support
102,Ever hospital arrive third quite beyond you out
103,Affect some various watch
104,Current by write north product well school
105,Partner son air out price interest finally
106,Whatever employee remember out some
107,Realize market walk also traditional
108,Case research approach live necessary
109,Design staff forward respond bill
110,Walk live skill course laugh
111,Degree now go energy cold right must body
112,Week key benefit coach building model entire across
113,Agent clear art international time
114,Environment list weight
115,Trade along which
116,National finish song country program prove
117,Know rich medical carry music
118,New enter message reason expect
119,Cover feel debate
120,Only word moment pretty concern
121,Once should real Mrs lay new everyone
122,Goal join reduce allow eat side
123,Why like decide
124,Peace the agency to sell positive blood home
125,Car thousand very well religious
126,Society attention heavy debate cover
127,Practice town billion painting peace half
128,Red join TV trouble you eight describe
129,Start chance southern way in movement
130,Instead smile happen successful human
131,According understand happen begin actually
132,Stock page strong term main
133,Bag season short research despite approach beautiful late
134,Heavy development nice most participant town foot
135,Brother without thus perform particular only
136,Toward claim civil inside friend service push
137,Body modern bit no
138,Bad wall conference view oil tree certainly would
139,North development everything candidate rule manager forget
140,Fly firm clear foot yard make available
141,War film Mr different admit break
142,Face fight face region go program address
143,This want change area either role type
144,Stop law you well else candidate relationship
145,Model end ball box mother
146,Figure bit data guy
147,Source discuss create policy service area
148,Light data language his few dinner
149,Social perform run firm best character strong
150,Conference least money lose ago cost outside
151,Simply finally small north follow few
152,Law international couple word
153,But city operation might
154,Training several research water behind lose deal
155,Anything mean eight campaign former budget that
156,Him child by attention among
157,Morning structure with dark art shoulder
158,Woman price yet outside now store
159,Book community commercial price set section identify cause
160,Along public join every
161,Land possible yeah recently increase music many
162,Nothing finally boy while tough reach
163,Three let poor understand
164,Off store firm perform
165,Time star political institution individual deal
166,Indicate region different leave act range live along
167,Work plant off to several test
168,Take machine them career realize past good
169,Base open scene today
170,Significant debate front free long hot
171,Hot audience machine admit culture
172,Positive record wide suddenly game
173,Throughout much nation bar
174,Brother foot administration meet
175,Growth bill during professional
176,Red list newspaper up year particular maybe
177,Clearly relate fire marriage performance
178,Opportunity fish civil
179,Collection sure simple between say statement stay performance
180,Arrive attention to nearly
181,Run what general personal town early accept nation
182,Reach leg bring accept employee box
183,Voice threat house her move a in
184,Name among hold official
185,Surface between soon decide
186,Include positive join plant ever such able
187,Sing hand industry watch allow
188,Air six think suggest state huge his
189,Science find west include environment president station
190,Glass PM since loss
191,Kid many space live measure agree guy
192,Make available tree attention agreement
193,Would professional gun describe nature often smile
194,Ahead when value point set
195,Your approach subject possible first Mr another travel
196,Issue far job edge majority behind record
197,Hope power hour court pretty
198,Number moment against purpose market east
199,Present people remember development true market
200,Understand others baby dream fall represent
201,Important social artist hot work
202,Bill both after analysis while want
203,Share maintain skill before any impact easy
204,Source project family always
205,Successful film product
206,Career professor ready politics order indeed
207,Now bill know them international
208,Meet small road wind provide quickly
209,Even investment cultural responsibility
210,Glass base reason television
211,Gas sort manage firm card
212,Half wait agreement available
213,Strong must Republican simply to miss light
214,Table condition join record
215,Fear measure south clearly country support
216,Base arm computer garden free
217,Practice happen walk think
218,Record structure one prepare organization certainly
219,Network language suffer land lot final safe pull
220,Analysis health business indeed
221,Art by will leader
222,Music others administration unit recent rise
223,Buy movement represent others
224,Pattern part which try
225,Several president yard mission suggest
226,Feeling level his create economic specific apply staff
227,Race street perform drop recent
228,All key develop suddenly music resource position
229,Accept popular line stage democratic sing
230,Policy spring moment thus bar smile
231,Cut life fear boy
232,Alone option ready trouble western car
233,Seek huge today north throughout
234,Environment decade difficult gun single
235,Feeling out Mrs nearly way great a campaign
236,Unit investment letter stop
237,Indeed within example research professional sometimes still
238,Case talk provide risk expert key many
239,Business community any eat also her cultural
240,Suggest become ever play total
241,Catch huge research item
242,Somebody minute question
243,Old plan eight ahead stock hear worry box
244,Style control cost of
245,Our for force
246,Real share computer politics nothing military fall certain
247,With election serve sea
248,Itself man off series throughout remember little
249,Reason own rich business
250,Story choice however tax
251,Do may bad important second computer cold
252,Central stage Congress soldier
253,Marriage nation way may recent
254,Debate decade table visit
255,Behind it only method rate
256,Oil its mission claim improve
257,They against song happen Congress friend green near
258,Serve since unit similar
259,Couple none community industry
260,Bed option half whose model offer those
261,Floor employee drug type million assume
262,Five idea authority position recently site bed foot
263,Factor level best yes late listen admit
264,Population fly season success foreign however
265,Value energy moment travel look
266,These technology size reflect administration adult
267,Peace certainly condition main garden
268,High about wish half watch exactly
269,Affect consider occur common group
270,Bar really stuff
271,Security add service activity travel will way
272,Many cold firm push student
273,Side course or charge trouble
274,Rather bank condition reduce
275,Would own increase
276,Identify close now yet thing century
277,Room blue media network
278,Animal skin event season quite
279,Pull thing consider region find
280,Decade remain up people
281,Some friend cold major sister
282,Shake box letter school person purpose
283,Task language at take side red
284,Mr minute although talk
285,Recently laugh same way process provide
286,Maybe read model perhaps his already
287,Fact miss left including
288,Lose health worker ready live blood some
289,Animal raise bring those push
290,There scientist let
291,Sister gas face offer administration indicate answer
292,Necessary help six
293,Development article election machine
294,Political research ground economic pay back play
295,Analysis prepare institution place support could
296,Goal nation somebody sometimes
297,Moment air director base piece mother administration
298,Second report certain possible him along
299,Leader foot your art return college country
300,Deal bad people win either bit
301,Modern go rest inside mind especially
302,Measure action because door teacher
303,East suffer child four his need give
304,Audience type play exactly those
305,Subject particularly high contain like occur become
306,Method job small much public across expert
307,Series though early tend effort college
308,Movie section us moment world hear media
309,Network today story yard good drug know
310,Region pay almost
311,Memory north clearly identify
312,Score but talk job southern where born work
313,Phone so inside especially family close relationship
314,Office culture last culture audience
315,Sell society someone economic the
316,Accept into notice fund yard
317,Against PM buy of behavior customer station
318,Toward each every fine let action nation
319,Sound no answer increase true return
320,Job manage ready of program political board
321,Guess within successful
322,Sort read security
323,Role care field keep act
324,Law require from language
325,Sense like morning talk night bank
326,Local American to country
327,Fall yes nice share fire believe
328,Movie pick man face
329,Real sense well left
330,Trial safe usually certain
331,Human toward something daughter story
332,Industry career early again mother simple
333,Item military even answer up them listen anyone
334,Certain turn budget action this radio
335,Mean form water safe certainly significant fall
336,Director sure actually
337,Apply great attorney interesting
338,Imagine goal step rest treat head
339,Buy public nice but right which
340,Least suddenly son these race
341,Occur forward decision break security a management
342,Into weight peace middle
343,Ground toward those rather gas throw
344,Its suffer manage knowledge
345,Idea week cause hospital involve home along
346,Arm financial hear performance type
347,Chair wife nor instead at
348,Also reach some
349,Behind against someone structure employee thousand
350,Protect edge authority difficult enter possible writer moment
351,Moment bill research price political popular care trouble
352,Citizen building push behind politics pull glass
353,Wind father may among
354,Business health policy community option great health
355,Country we final stage concern situation thought
356,Power statement figure record fund
357,Skill whole raise compare usually
358,Before test adult
359,Within authority conference politics support tell
360,Think technology stay general never increase perform
361,Side relate remember until
362,Put eat listen action fall class manager
363,Husband owner red have
364,General produce plan billion agreement more language
365,Action while size success
366,Entire example exactly man system kitchen
367,Game message hotel product light short fish
368,Official onto understand when require coach score
369,Free available speech middle response already computer daughter
370,City beyond no board
371,Yeah she fear speech cut but fish red
372,Future each two so television
373,Special lead he late other door
374,Join lead husband
375,Account finish when positive child pressure information
376,Cultural inside any
377,Century hair rate per so
378,Foreign rock generation wish
379,National present raise early
380,Commercial building plant apply whole rate
381,Fight onto door one hour total who
382,Woman board so trade meet
383,Loss participant four other
384,Explain enjoy deep almost medical
385,Town ahead only together
386,Business language out myself hear travel right
387,Material add southern discuss
388,Science defense majority thought
389,Face whose surface around friend
390,Drug raise herself produce now approach treatment
391,High my somebody
392,Test energy defense song majority
393,Me debate foot marriage often marriage
394,Answer let hit
395,Big contain effect close
396,Class important condition defense church old best step
397,Buy politics management police member
398,Which tonight song hot region real
399,Order however quite thus
